CodiceBelfiore;CodiceIstat;CodiceVia;DUG;DUF;CAP;QuartiereSobborgo
A182;6003;62787;VICOLO;DEI MUSICISTI ALESSANDRINI;15121;CENTRO
A182;6003;23403;VICOLO;PILA;15121;CENTRO
A182;6003;25003;VIALE;DELLA REPUBBLICA;15121;CENTRO
A182;6003;68828;VIALE;DELLA VALLETTA;15122;SPINETTA MARENGO
A182;6003;62731;VIALE;GIOVANNI FALCONE;15121;NORBERTO ROSA
A182;6003;68819;VIA;BAMBINI NELLA SHOAH;15121;GALIMBERTI
A182;6003;6204;VIA;CAMPO CONTUMACIALE;15121;ORTI
A182;6003;62773;VIA;CASTELCERIOLO DI CASCINAGROSSA;15122;CASCINAGROSSA
A182;6003;62774;VIA;CASTELCERIOLO DI SAN GIULIANO NUOVO;15122;SAN GIULIANO NUOVO
A182;6003;62710;VIA;CAVAGNINA;15122;SPINETTA MARENGO
A182;6003;19701;VIA;CRISTOFORO MOJA;15121;CENTRO
A182;6003;62820;VIA;DEI PRETI;15122;BORGO CITTADELLA
A182;6003;15752;VIA;DEL LEGNO;15121;CRISTO
A182;6003;18250;VIA;DELLA MECCANICA;15121;CRISTO
A182;6003;39903;VIA;DELLA PARROCCHIA;15122;CASTELCERIOLO
A182;6003;3990;VIA;DELLA REPUBBLICA IN CASTELCERIOLO;15122;CASTELCERIOLO
A182;6003;51701;VIA;DELLA REPUBBLICA IN SPINETTA MARENGO;15122;SPINETTA MARENGO
A182;6003;62745;VIA;DELL'AUTOMOBILE;15121;CRISTO
A182;6003;11725;VIA;DELL'ELETTRONICA;15121;CRISTO
A182;6003;14850;VIA;DELL'INDUSTRIA;15121;CRISTO
A182;6003;62700;VIA;DON ALESSANDRO BENZI;15121;CENTRO
A182;6003;9131;VIA;EGIDIO COCITO;15121;CRISTO
A182;6003;68841;VIA;FAUSTO COPPI;15121;EUROPA
A182;6003;3004;VIA;FRANCESCO CILEA;15121;ORTI
A182;6003;100008;VIA;FRATELLI TOMASSINI;15121;GALIMBERTI
A182;6003;62740;VIA;GIOVANNI DELAVO;15122;SPINETTA MARENGO
A182;6003;62511;VIA;LUCIANO SCASSI;15121;GALIMBERTI
A182;6003;100018;VIA;MADRE CLELIA MERLONI;15121;EUROPA
A182;6003;20305;VIA;MONTEBELLO;15121;CENTRO
A182;6003;28402;VIA;NAZARIO SAURO;15121;PISTA
A182;6003;62809;VIA;OTELLO FINZI;15122;SAN MICHELE
A182;6003;17688;VIA;PIETRO MASCAGNI;15121;ORTI
A182;6003;62771;VIA;RANA DI SPINETTA MARENGO;15122;SPINETTA MARENGO
A182;6003;62206;VIA;SAN DAMIANO;15122;VILLA DEL FORO
A182;6003;62600;VIA;SARDEGNA;15121;PISTA
A182;6003;62704;TANGENZIALE;SUD - EST;15121;CRISTO
A182;6003;62823;TANGENZIALE;SUD-EST DI CABANETTE;15122;CABANETTE
A182;6003;62824;TANGENZIALE;SUD-EST DI CANTALUPO;15122;CANTALUPO
A182;6003;58805;STRADA;CARLO FORLANINI IN VALMADONNA;15122;VALMADONNA
A182;6003;62810;STRADA;JOHN FITZGERALD KENNEDY IN CASTELCERIOLO;15122;CASTELCERIOLO
A182;6003;62811;STRADA;JOHN FITZGERALD KENNEDY IN SPINETTA MARENGO;15122;SPINETTA MARENGO
A182;6003;42360;STRADA;STATALE 35 BIS DEI GIOVI;15122;LITTA PARODI
A182;6003;100009;SOTTOPASSO;MARCO BOCCHIO;15121;CRISTO
A182;6003;100024;PIAZZETTA;CADUTI NELLA BATTAGLIA DI NIKOLAJEVA;15121;CENTRO
A182;6003;20204;PIAZZETTA;MONSERRATO;15121;CENTRO
A182;6003;68838;PIAZZALE;ALBA IULIA;15121;BORGO CITTADELLA
A182;6003;100014;PIAZZALE;ANTONIO MARTANO;15121;NORBERTO ROSA
A182;6003;100010;PIAZZALE;DOMENICO BALZA;15122;LITTA PARODI
A182;6003;62755;PIAZZALE;ENRICO BERLINGUER;15121;GALIMBERTI
A182;6003;68822;PIAZZALE;FERRUCCIO RAVAZZONI;15122;BORGO CITTADELLA
A182;6003;68820;PIAZZALE;FRANCOIS CHRISTOPHE KELLERMAN;15122;SPINETTA MARENGO
A182;6003;100015;PIAZZALE;GIORGIO MAGGI;15121;EUROPA
A182;6003;100011;PIAZZALE;GIUSEPPE CORNARA;15121;PISTA
A182;6003;100012;PIAZZALE;GRAZIA DELEDDA;15121;EUROPA
A182;6003;52618;PIAZZALE;GUIDO DONEGANI;15122;SPINETTA MARENGO
A182;6003;100020;PIAZZALE;VITTIME DELLA STRADA;15121;GALIMBERTI
A182;6003;62766;PIAZZA;11 SETTEMBRE 2001;15122;CANTALUPO
A182;6003;62751;PIAZZA;ADOLFO BALONCIERI;15122;CASTELCERIOLO
A182;6003;62821;PIAZZA;ANNIBALE CARETTA;15122;LOBBI
A182;6003;62708;PIAZZA;BEATA VERGINE IMMACOLATA;15122;SPINETTA MARENGO
A182;6003;62778;PIAZZA;CADUTI DI NASSIRIYA;15121;PISTA
A182;6003;62806;PIAZZA;CADUTI DI TUTTE LE GUERRE;15122;SAN GIULIANO NUOVO
A182;6003;62779;PIAZZA;CARLO BOCCASSI;15121;NORBERTO ROSA
A182;6003;62711;PIAZZA;CAVALIERI DI VITTORIO VENETO;15122;SAN MICHELE
A182;6003;62712;PIAZZA;DECORATI AL VALOR MILITARE;15121;CENTRO
A182;6003;13365;PIAZZA;DELLA GAMBARINA;15121;CENTRO
A182;6003;62707;PIAZZA;DELL'AERONAUTICA;15121;CRISTO
A182;6003;62807;PIAZZA;DON MARIO LOMBARDI;15122;LITTA PARODI
A182;6003;9801;PIAZZA;EUGENIO CURIEL;15121;SPINETTA MARENGO
A182;6003;62719;PIAZZA;GIOVANNI BARRERA;15122;SPINETTA MARENGO
A182;6003;62713;PIAZZA;GIOVANNI MAINO;15122;SPINETTA MARENGO
A182;6003;62724;PIAZZA;GIOVANNI PALATUCCI;15121;NORBERTO ROSA
A182;6003;62703;PIAZZA;MADRE TERESA DI CALCUTTA;15121;CENTRO
A182;6003;62776;PIAZZA;MARINAI D'ITALIA;15121;CENTRO
A182;6003;62733;PIAZZA;MAYNO DELLA SPINETTA;15122;SPINETTA MARENGO
A182;6003;62735;PIAZZA;NATALE VAZZANA;15122;SPINETTA MARENGO
A182;6003;32450;PIAZZA;ORESTE VILLA;15121;PISTA
A182;6003;62805;PIAZZA;OSVALDO LAURINI;15121;CRISTO
A182;6003;62762;PIAZZA;OTTO MARZO;15121;NORBERTO ROSA
A182;6003;22154;PIAZZA;PELIZZA DA VOLPEDO;15121;GALIMBERTI
A182;6003;14502;PIAZZA;PIERO GOBETTI;15121;CENTRO
A182;6003;62702;PIAZZA;PRINCIPESSA MAFALDA DI SAVOIA;15121;PISTA
A182;6003;62769;PIAZZA;RENZO ISBIGLIO;15121;CRISTO
A182;6003;62747;PIAZZA;SALVADOR ALLENDE;15121;CRISTO
A182;6003;3751;PIAZZA;SAN ROCCO IN CASCINAGROSSA;15122;CASCINAGROSSA
A182;6003;62754;PIAZZA;SANDRO PERTINI;15121;NORBERTO ROSA
A182;6003;29007;PIAZZA;SCUOLE;15121;CRISTO
A182;6003;31406;PIAZZA;VALFRE';15121;CENTRO
A182;6003;62786;PIAZZA;VALTER RIVERA;15121;CRISTO
A182;6003;62783;PIAZZA;VITTIME DELLA REPRESSIONE DEL MAGGIO 1898;15121;CRISTO
A182;6003;62760;PIAZZA;WALTER AUDISIO;15121;CENTRO
A182;6003;100016;PASSEGGIATA;ANTONINO CANDIDO MARCO TRICHES E MATTEO GASTALDO;15121;PISTA
A182;6003;62705;PASSEGGIATA;MADRE CAROLINA BELTRAMI;15121;CENTRO
A182;6003;29854;LUNGO;TANARO SOLFERINO;15121;CENTRO
A182;6003;62763;LARGO;6 NOVEMBRE 1994;15121;ORTI
A182;6003;68821;LARGO;AI CADUTI DELLA BATTAGLIA DI MARENGO;15122;SPINETTA MARENGO
A182;6003;34001;LARGO;CARLO ARLANTI;15122;CANTALUPO
A182;6003;62716;LARGO;MAESTRI DEL LAVORO D'ITALIA;15121;CENTRO
A182;6003;62706;LARGO;MONSIGNOR QUINTO GHO;15122;SPINETTA MARENGO
A182;6003;62800;LARGO;MUSEO DEL FERRO;15121;CENTRO
A182;6003;31608;VIA VECCHIA;TORINO;15121;BORGO CITTADELLA
A182;6003;22708;VIA;DELL'OSTERIETTA;15121;BORGO CITTADELLA
A182;6003;62737;VIA;FAUSTO BIMA;15121;BORGO CITTADELLA
A182;6003;5500;VIA;GIORDANO BRUNO;15121;BORGO CITTADELLA
A182;6003;62739;VIA;IGNAZIO GIUSEPPE BERTOLA ROVEDA;15121;BORGO CITTADELLA
A182;6003;62738;VIA;RAFFAELLO GIOLLI;15121;BORGO CITTADELLA
A182;6003;22707;STRADA PROVINCIALE;494 PAVIA;15121;BORGO CITTADELLA
A182;6003;62819;STRADA;CARLO FORLANINI;15121;BORGO CITTADELLA
A182;6003;68845;VIA;DON GIOVANNI RIZZANTE;15122;CABANETTE
A182;6003;34852;VIA;ITALIA;15122;CABANETTE
A182;6003;34155;STRADA;ACQUI DI CABANETTE;15122;CABANETTE
A182;6003;34201;STRADA;CASCINETTA;15122;CABANETTE
A182;6003;34302;STRADA;CHIOZZO;15122;CABANETTE
A182;6003;35200;STRADA;ROSTA DI CABANETTE;15122;CABANETTE
A182;6003;68836;VIA;ALBERTO DA GIUSSANO;15122;CANTALUPO
A182;6003;34706;VIA;ANTONIO GRAMSCI IN CANTALUPO;15122;CANTALUPO
A182;6003;62749;VIA;CESARE PAVESE;15122;CANTALUPO
A182;6003;34403;VIA;CORTE DEI ROSSI;15122;CANTALUPO
A182;6003;35002;VIA;DELLA PACE;15122;CANTALUPO
A182;6003;34504;VIA;EDMONDO DE AMICIS IN CANTALUPO;15122;CANTALUPO
A182;6003;34605;VIA;FELIZZA;15122;CANTALUPO
A182;6003;34807;VIA;FRANCESCO GUIDA;15122;CANTALUPO
A182;6003;68834;VIA;GIANFELICE DEMANUELLI;15122;CANTALUPO
A182;6003;68826;VIA;GIOVANNI GENTILE;15122;CANTALUPO
A182;6003;68827;VIA;GIUSEPPE PREZZOLINI;15122;CANTALUPO
A182;6003;68835;VIA;IRMA LESINA;15122;CANTALUPO
A182;6003;34100;VIA;PIERO BOIDI IN CANTALUPO;15122;CANTALUPO
A182;6003;34861;VIA;PIETRO MORO;15122;CANTALUPO
A182;6003;33909;STRADA;ACQUI DI CANTALUPO;15122;CANTALUPO
A182;6003;34908;STRADA;OVIGLIO DI CANTALUPO;15122;CANTALUPO
A182;6003;35101;STRADA;ROSARIO;15122;CANTALUPO
A182;6003;35907;VIA VECCHIA;BAGLIANI DI CASALBAGLIANO;15122;CASALBAGLIANO
A182;6003;35402;VIA;DELLA MONACA;15122;CASALBAGLIANO
A182;6003;68824;VIA;FILIPPO TOMMASO MARINETTI;15122;CASALBAGLIANO
A182;6003;35503;VIA;ORATORIO;15122;CASALBAGLIANO
A182;6003;35453;VIA;QUATTRO MARTIRI;15122;CASALBAGLIANO
A182;6003;35806;VIA;TAGLIATA;15122;CASALBAGLIANO
A182;6003;35512;STRADA;ROSTA DI CASALBAGLIANO;15122;CASALBAGLIANO
A182;6003;35604;LOCALITA';CASCINALI SAN PIETRO;15122;CASALBAGLIANO
A182;6003;36502;VIA;ANNA FUOCO;15122;CASCINAGROSSA
A182;6003;36805;VIA;ANTONIO GRAMSCI IN CASCINAGROSSA;15122;CASCINAGROSSA
A182;6003;36603;VIA;CAMILLO GIACHERO;15122;CASCINAGROSSA
A182;6003;36906;VIA;DELLA LIBERTA' IN CASCINAGROSSA;15122;CASCINAGROSSA
A182;6003;37103;VIA;GIACOMO MATTEOTTI IN CASCINAGROSSA;15122;CASCINAGROSSA
A182;6003;68825;VIA;GIOVANNI BATTISTA RONCATI;15122;CASCINAGROSSA
A182;6003;36704;VIA;GOSTRA;15122;CASCINAGROSSA
A182;6003;36300;VIA;LUIGI BRUNO IN CASCINAGROSSA;15122;CASCINAGROSSA
A182;6003;37004;VIA;MANDROGNE DI CASCINAGROSSA;15122;CASCINAGROSSA
A182;6003;37202;VIA;MOLINARA DI CASCINAGROSSA;15122;CASCINAGROSSA
A182;6003;37400;STRADA PROVINCIALE;10 TORTONA DI CASCINAGROSSA;15122;CASCINAGROSSA
A182;6003;36401;STRADA;BRUSA;15122;CASCINAGROSSA
A182;6003;48804;STRADA;POGGI;15122;CASCINAGROSSA
A182;6003;37501;STRADA;ROGGIA;15122;CASCINAGROSSA
A182;6003;36102;PIAZZA;GIUSEPPE BELLENO;15122;CASCINAGROSSA
A182;6003;37703;VICOLO;BELVEDERE;15122;CASTELCERIOLO
A182;6003;37804;VICOLO;BENGASI;15122;CASTELCERIOLO
A182;6003;38203;VICOLO;CANESTRI;15122;CASTELCERIOLO
A182;6003;62770;VICOLO;DARIO ROSSI IN CASTELCERIOLO;15122;CASTELCERIOLO
A182;6003;37602;VICOLO;DELL'ALBERGO;15122;CASTELCERIOLO
A182;6003;38803;VICOLO;GAMONDIO;15122;CASTELCERIOLO
A182;6003;38904;VICOLO;GAROFANO;15122;CASTELCERIOLO
A182;6003;37905;VICOLO;GIOVANNI BREZZI;15122;CASTELCERIOLO
A182;6003;39204;VICOLO;MAGENTA;15122;CASTELCERIOLO
A182;6003;40408;VICOLO;SAN ROCCO IN CASTELCERIOLO;15122;CASTELCERIOLO
A182;6003;38005;VIA;BUFFALORA;15122;CASTELCERIOLO
A182;6003;38104;VIA;CAMPO NEBBIA;15122;CASTELCERIOLO
A182;6003;38302;VIA;CAPRERA;15122;CASTELCERIOLO
A182;6003;40554;VIA;CARLO TORRIANI;15122;CASTELCERIOLO
A182;6003;62772;VIA;CASTELCERIOLO DI CASTELCERIOLO;15122;CASTELCERIOLO
A182;6003;38500;VIA;CONDUTTORI;15122;CASTELCERIOLO
A182;6003;38753;VIA;DELLA FORNACE;15122;CASTELCERIOLO
A182;6003;38601;VIA;DESAIX;15122;CASTELCERIOLO
A182;6003;62734;VIA;DON ALDO BOVERI;15122;CASTELCERIOLO
A182;6003;38702;VIA;DUE PALME;15122;CASTELCERIOLO
A182;6003;38401;VIA;LUIGI CIGERSA;15122;CASTELCERIOLO
A182;6003;39105;VIA;LUIGI LAMA;15122;CASTELCERIOLO
A182;6003;39303;VIA;MARSALA DI CASTELCERIOLO;15122;CASTELCERIOLO
A182;6003;39402;VIA;MERCATO;15122;CASTELCERIOLO
A182;6003;39600;VIA;OGLIANA;15122;CASTELCERIOLO
A182;6003;39802;VIA;PALESTRO DI CASTELCERIOLO;15122;CASTELCERIOLO
A182;6003;39501;VIA;PIETRO MILANESE;15122;CASTELCERIOLO
A182;6003;62720;VIA;PIETRO TORRIANO;15122;CASTELCERIOLO
A182;6003;40004;VIA;RANA DI CASTELCERIOLO;15122;CASTELCERIOLO
A182;6003;40004;VIA;RANA DI CASTELCERIOLO;15122;CASTELCERIOLO
A182;6003;40307;VIA;SAN GIORGIO;15122;CASTELCERIOLO
A182;6003;40105;VIA;SAN GIULIANO NUOVO;15122;CASTELCERIOLO
A182;6003;40509;VIA;SOLFERINO;15122;CASTELCERIOLO
A182;6003;40600;VIA;TRIPOLI DI CASTELCERIOLO;15122;CASTELCERIOLO
A182;6003;39701;VIA;ULDERICO OLLEARO;15122;CASTELCERIOLO
A182;6003;40701;VIA;VIGNAGRANDE;15122;CASTELCERIOLO
A182;6003;40802;VIA;VILLANOVA;15122;CASTELCERIOLO
A182;6003;40206;VIA;VITTORIO SACCHI;15122;CASTELCERIOLO
A182;6003;40903;VIA;VITTORIO VENETO DI CASTELCERIOLO;15122;CASTELCERIOLO
A182;6003;39952;STRADA PROVINCIALE;82 ALESSANDRIA-SALE;15122;CASTELCERIOLO
A182;6003;39006;STRADA;GRILLA DI CASTELCERIOLO;15122;CASTELCERIOLO
A182;6003;2503;VICOLO;AULARI;15121;CENTRO
A182;6003;6402;VICOLO;CANEFRI;15121;CENTRO
A182;6003;24604;VICOLO;QUARTIERETTO;15121;CENTRO
A182;6003;31451;VICOLO;VALLE;15121;CENTRO
A182;6003;28204;VIA;ALESSANDRO SAPPA;15121;CENTRO
A182;6003;1403;VIA;ALESSANDRO TERZO;15121;CENTRO
A182;6003;32900;VIA;ANDREA VOCHIERI;15121;CENTRO
A182;6003;20901;VIA;ANGELO MORBELLI;15121;CENTRO
A182;6003;14603;VIA;ANTONIO GRAMSCI;15121;CENTRO
A182;6003;2200;VIA;ARNALDO DA BRESCIA;15121;CENTRO
A182;6003;30700;VIA;ARTURO TOSCANINI;15121;CENTRO
A182;6003;2402;VIA;ASTI;15121;CENTRO
A182;6003;25201;VIA;AUGUSTO RIGHI;15121;CENTRO
A182;6003;3201;VIA;BERGAMO;15121;CENTRO
A182;6003;4103;VIA;BOLOGNA;15121;CENTRO
A182;6003;5302;VIA;BRESCIA;15121;CENTRO
A182;6003;6006;VIA;CAIROLI;15121;CENTRO
A182;6003;8305;VIA;CAMILLO CAVOUR;15121;CENTRO
A182;6003;2604;VIA;CARLO AVALLE;15121;CENTRO
A182;6003;6600;VIA;CARLO CANIGGIA;15121;CENTRO
A182;6003;7106;VIA;CARLO CARAGLIO;15121;CENTRO
A182;6003;7700;VIA;CARLO CASELLI;15121;CENTRO
A182;6003;7601;VIA;CASALE;15121;CENTRO
A182;6003;6303;VIA;CESARE CANEFRI;15121;CENTRO
A182;6003;12201;VIA;CESARE FERRUFINI;15121;CENTRO
A182;6003;12908;VIA;CITTA' DI GAETA;15121;CENTRO
A182;6003;9504;VIA;CREMONA;15121;CENTRO
A182;6003;8901;VIA;DAMIANO CHIESA;15121;CENTRO
A182;6003;1605;VIA;DANTE ALIGHIERI;15121;CENTRO
A182;6003;14805;VIA;DEI GUASCO;15121;CENTRO
A182;6003;11154;VIA;DEI MARTIRI;15121;CENTRO
A182;6003;8008;VIA;DEL CASTELLO;15121;CENTRO
A182;6003;24402;VIA;DEL PRATO;15121;CENTRO
A182;6003;11734;VIA;DELL'ERBA;15121;CENTRO
A182;6003;13604;VIA;DON FRANCESCO GASPAROLO;15121;CENTRO
A182;6003;11505;VIA;DONATELLO;15121;CENTRO
A182;6003;3906;VIA;EMANUELE BOIDI;15121;CENTRO
A182;6003;11752;VIA;EMILIO FAA' DI BRUNO;15121;CENTRO
A182;6003;11808;VIA;ENRICO FERMI;15121;CENTRO
A182;6003;13806;VIA;ENRICO GENTILINI;15121;CENTRO
A182;6003;23605;VIA;ERNESTO PISTOIA;15121;CENTRO
A182;6003;12001;VIA;FERRARA;15121;CENTRO
A182;6003;12504;VIA;FIUME;15121;CENTRO
A182;6003;13002;VIA;GAGLIAUDO;15121;CENTRO
A182;6003;12100;VIA;GALILEO FERRARIS;15121;CENTRO
A182;6003;13907;VIA;GEROLAMO GHILINI;15121;CENTRO
A182;6003;28600;VIA;GEROLAMO SAVONAROLA;15121;CENTRO
A182;6003;11101;VIA;GIACOMO ANTONIO DE GIORGI;15121;CENTRO
A182;6003;18601;VIA;GIORGIO MERULA;15121;CENTRO
A182;6003;29205;VIA;GIORGIO SOLERO;15121;CENTRO
A182;6003;11707;VIA;GIOVANNI DOSSENA;15121;CENTRO
A182;6003;4703;VIA;GIOVANNI GIACOMO BOTTAZZI;15121;CENTRO
A182;6003;15501;VIA;GIOVANNI LANZA;15121;CENTRO
A182;6003;18205;VIA;GIOVANNI MAZZONI;15121;CENTRO
A182;6003;19008;VIA;GIOVANNI MIGLIARA;15121;CENTRO
A182;6003;23706;VIA;GIOVANNI PLANA;15121;CENTRO
A182;6003;9306;VIA;GIULIO CESARE CORDARA;15121;CENTRO
A182;6003;9108;VIA;GIULIO CLARO;15121;CENTRO
A182;6003;8701;VIA;GIUSEPPE ANTONIO CHENNA;15121;CENTRO
A182;6003;3502;VIA;GIUSEPPE BISSATI;15121;CENTRO
A182;6003;4501;VIA;GIUSEPPE BORSALINO;15121;CENTRO
A182;6003;18106;VIA;GIUSEPPE MAZZINI;15121;CENTRO
A182;6003;31800;VIA;GIUSEPPE VERDI;15121;CENTRO
A182;6003;17701;VIA;GUGLIELMO MASSAIA;15121;CENTRO
A182;6003;21102;VIA;GUGLIELMO OBERDAN;15121;CENTRO
A182;6003;28802;VIA;GUGLIELMO SCHIAVINA;15121;CENTRO
A182;6003;15004;VIA;INVIZIATI;15121;CENTRO
A182;6003;15202;VIA;ISONZO;15121;CENTRO
A182;6003;10506;VIA;JACOPO DAL VERME;15121;CENTRO
A182;6003;15703;VIA;LEGNANO;15121;CENTRO
A182;6003;16104;VIA;LODI;15121;CENTRO
A182;6003;5803;VIA;LORENZO BURGONZIO;15121;CENTRO
A182;6003;6701;VIA;LUIGI CANINA;15121;CENTRO
A182;6003;30003;VIA;LUIGI TESTORE;15121;CENTRO
A182;6003;17006;VIA;MARENGO;15121;CENTRO
A182;6003;17303;VIA;MARSALA;15121;CENTRO
A182;6003;19107;VIA;MILANO;15121;CENTRO
A182;6003;19206;VIA;MILAZZO;15121;CENTRO
A182;6003;19404;VIA;MILLEOTTOCENTOVENTUNO;15121;CENTRO
A182;6003;19602;VIA;MODENA;15121;CENTRO
A182;6003;19901;VIA;MONCALVO;15121;CENTRO
A182;6003;20002;VIA;MONDOVI';15121;CENTRO
A182;6003;20406;VIA;MONTEGRAPPA;15121;CENTRO
A182;6003;20507;VIA;MONTELLO;15121;CENTRO
A182;6003;20608;VIA;MONTEROTONDO;15121;CENTRO
A182;6003;16401;VIA;NICCOLO' MACHIAVELLI;15121;CENTRO
A182;6003;21304;VIA;ORFANELLE;15121;CENTRO
A182;6003;21607;VIA;PADOVA;15121;CENTRO
A182;6003;21900;VIA;PALESTRO;15121;CENTRO
A182;6003;22101;VIA;PARMA;15121;CENTRO
A182;6003;22606;VIA;PASTRENGO;15121;CENTRO
A182;6003;23201;VIA;PIACENZA;15121;CENTRO
A182;6003;23302;VIA;PIAVE;15121;CENTRO
A182;6003;24200;VIA;PONTIDA;15121;CENTRO
A182;6003;16302;VIA;RAFFAELE LUMELLI;15121;CENTRO
A182;6003;20709;VIA;RODOLFO MONTEVECCHIO;15121;CENTRO
A182;6003;26400;VIA;SAN BAUDOLINO;15121;CENTRO
A182;6003;26501;VIA;SAN DALMAZZO;15121;CENTRO
A182;6003;26602;VIA;SAN FRANCESCO D'ASSISI;15121;CENTRO
A182;6003;26202;VIA;SAN GIACOMO DELLA VITTORIA;15121;CENTRO
A182;6003;27005;VIA;SAN LORENZO;15121;CENTRO
A182;6003;27104;VIA;SAN PIO QUINTO;15121;CENTRO
A182;6003;26103;VIA;SANTA CATERINA DA SIENA;15121;CENTRO
A182;6003;27500;VIA;SANTA GORIZIA;15121;CENTRO
A182;6003;27702;VIA;SANTA MARIA DI CASTELLO;15121;CENTRO
A182;6003;27302;VIA;SANT'UBALDO;15121;CENTRO
A182;6003;28501;VIA;SAVONA;15121;CENTRO
A182;6003;7902;VIA;TERESA CASTELLANI;15121;CENTRO
A182;6003;30609;VIA;TORTONA;15121;CENTRO
A182;6003;30902;VIA;TREVISO;15121;CENTRO
A182;6003;31103;VIA;TRIPOLI;15121;CENTRO
A182;6003;31204;VIA;TROTTI;15121;CENTRO
A182;6003;24806;VIA;URBANO RATTAZZI;15121;CENTRO
A182;6003;30205;VIA;VECELLIO TIZIANO;15121;CENTRO
A182;6003;31709;VIA;VENEZIA;15121;CENTRO
A182;6003;33404;VIA;VENTIQUATTRO MAGGIO;15121;CENTRO
A182;6003;32001;VIA;VERONA;15121;CENTRO
A182;6003;32102;VIA;VESCOVADO;15121;CENTRO
A182;6003;1504;VIA;VITTORIO ALFIERI;15121;CENTRO
A182;6003;33101;VIA;VOLTURNO;15121;CENTRO
A182;6003;4400;SPALTO;BORGOGLIO;15121;CENTRO
A182;6003;13402;SPALTO;GAMONDIO;15121;CENTRO
A182;6003;17105;SPALTO;MARENGO;15121;CENTRO
A182;6003;26004;SPALTO;ROVERETO;15121;CENTRO
A182;6003;3401;PIAZZETTA;ANDREA BINI;15121;CENTRO
A182;6003;15653;PIAZZETTA;DELLA LEGA;15121;CENTRO
A182;6003;27601;PIAZZETTA;SANTA LUCIA;15121;CENTRO
A182;6003;15905;PIAZZA;DELLA LIBERTA';15121;CENTRO
A182;6003;29304;PIAZZA;DON AMILCARE SORIA;15121;CENTRO
A182;6003;31305;PIAZZA;FILIPPO TURATI;15121;CENTRO
A182;6003;18018;PIAZZA;GIACOMO MATTEOTTI;15121;CENTRO
A182;6003;62727;PIAZZA;GIORGIO AMBROSOLI;15121;CENTRO
A182;6003;7205;PIAZZA;GIOSUE' CARDUCCI;15121;CENTRO
A182;6003;14300;PIAZZA;GIOVANNI VENTITREESIMO;15121;CENTRO
A182;6003;13503;PIAZZA;GIUSEPPE GARIBALDI;15121;CENTRO
A182;6003;16904;PIAZZA;GUGLIELMO MARCONI;15121;CENTRO
A182;6003;10203;PIAZZA;MASSIMO D'AZEGLIO;15121;CENTRO
A182;6003;27203;PIAZZA;SAN ROCCO;15121;CENTRO
A182;6003;27803;PIAZZA;SANTA MARIA DI CASTELLO;15121;CENTRO
A182;6003;28006;PIAZZA;SANTO STEFANO;15121;CENTRO
A182;6003;32809;PIAZZA;VITTORIO VENETO;15121;CENTRO
A182;6003;29801;LUNGO;TANARO SAN MARTINO;15121;CENTRO
A182;6003;3603;LARGO;LEONARDO BISTOLFI;15121;CENTRO
A182;6003;32304;LARGO;VICENZA;15121;CENTRO
A182;6003;15400;CORSO;ALFONSO LAMARMORA;15121;CENTRO
A182;6003;8404;CORSO;CENTO CANNONI;15121;CENTRO
A182;6003;9603;CORSO;CRIMEA;15121;CENTRO
A182;6003;8206;CORSO;FELICE CAVALLOTTI;15121;CENTRO
A182;6003;20103;CORSO;MONFERRATO;15121;CENTRO
A182;6003;25401;CORSO;ROMA;15121;CENTRO
A182;6003;17204;CORSO;VIRGINIA MARINI;15121;CENTRO
A182;6003;30104;VIALE;TIVOLI;15121;CRISTO
A182;6003;62813;VIA VECCHIA;BAGLIANI;15121;CRISTO
A182;6003;11121;VIA;AGOSTINO DEPRETIS;15121;CRISTO
A182;6003;62784;VIA;ALDO MORO;15121;CRISTO
A182;6003;7801;VIA;ALESSANDRO CASSOLA;15121;CRISTO
A182;6003;10001;VIA;ALESSANDRO D'ANGENNES;15121;CRISTO
A182;6003;33000;VIA;ALESSANDRO VOLTA;15121;CRISTO
A182;6003;17903;VIA;ALFONSO MATHIS;15121;CRISTO
A182;6003;3102;VIA;AMBROGIO BELLONI;15121;CRISTO
A182;6003;24101;VIA;AMILCARE PONCHIELLI;15121;CRISTO
A182;6003;9405;VIA;ANDREA COSTA;15121;CRISTO
A182;6003;6802;VIA;ANTONIO CANOVA;15121;CRISTO
A182;6003;4004;VIA;ARRIGO BOITO;15121;CRISTO
A182;6003;5904;VIA;CADUTI SUL LAVORO;15121;CRISTO
A182;6003;6105;VIA;CALCAMUGGI FERRUFINI;15121;CRISTO
A182;6003;7304;VIA;CARLO ALBERTO;15121;CRISTO
A182;6003;25704;VIA;CARLO E NOVELLO ROSSELLI;15121;CRISTO
A182;6003;25805;VIA;CARLO ROSSI;15121;CRISTO
A182;6003;7403;VIA;CASALBAGLIANO;15121;CRISTO
A182;6003;2907;VIA;CESARE BATTISTI;15121;CRISTO
A182;6003;33606;VIA;CRISTOFORO ZOPPI;15121;CRISTO
A182;6003;62736;VIA;DEI PESCATORI;15121;CRISTO
A182;6003;9207;VIA;DEL CONIGLIO;15121;CRISTO
A182;6003;15631;VIA;DEL LAVORO;15121;CRISTO
A182;6003;8954;VIA;DELLA CHIMICA;15121;CRISTO
A182;6003;16803;VIA;DELLA MARANZANA;15121;CRISTO
A182;6003;19800;VIA;DELLA MOISA;15121;CRISTO
A182;6003;23751;VIA;DELLA PLASTICA;15121;CRISTO
A182;6003;2255;VIA;DELL'ARTIGIANATO;15121;CRISTO
A182;6003;11716;VIA;DELL'EDILIZIA;15121;CRISTO
A182;6003;19503;VIA;DON GIOVANNI MINZONI;15121;CRISTO
A182;6003;25256;VIA;DUILIO REMONDINO;15121;CRISTO
A182;6003;10708;VIA;EDMONDO DE AMICIS;15121;CRISTO
A182;6003;4202;VIA;EDOARDO BONARDI;15121;CRISTO
A182;6003;62744;VIA;ENZO FERRARI;15121;CRISTO
A182;6003;32708;VIA;ERMANNO VITALE;15121;CRISTO
A182;6003;11909;VIA;FERNANDEL;15121;CRISTO
A182;6003;27852;VIA;FERNANDO SANTI;15121;CRISTO
A182;6003;14102;VIA;FLAVIO GIOIA;15121;CRISTO
A182;6003;10809;VIA;FRANCESCO DE ANTONIO;15121;CRISTO
A182;6003;13705;VIA;GAVIGLIANI;15121;CRISTO
A182;6003;6853;VIA;GENNARO CANTIELLO;15121;CRISTO
A182;6003;8602;VIA;GEROLAMO CERMELLI;15121;CRISTO
A182;6003;23001;VIA;GEROLAMO PERBONI;15121;CRISTO
A182;6003;4804;VIA;GIACOMO BOVE;15121;CRISTO
A182;6003;15804;VIA;GIACOMO LEOPARDI;15121;CRISTO
A182;6003;24503;VIA;GIACOMO PUCCINI;15121;CRISTO
A182;6003;32405;VIA;GIOVAN BATTISTA VICO;15121;CRISTO
A182;6003;14906;VIA;GIOVANNI INVERARDI;15121;CRISTO
A182;6003;22404;VIA;GIOVANNI PASCOLI;15121;CRISTO
A182;6003;28701;VIA;GIOVANNI SCAZZOLA;15121;CRISTO
A182;6003;31901;VIA;GIOVANNI VERNERI;15121;CRISTO
A182;6003;22000;VIA;GIUSEPPE PARINI;15121;CRISTO
A182;6003;32607;VIA;GIUSEPPE VIORA;15121;CRISTO
A182;6003;33550;VIA;GIUSEPPE ZANARDELLI;15121;CRISTO
A182;6003;61252;VIA;GRAZIELLA VASSALLO GIAROLA;15121;CRISTO
A182;6003;62789;VIA;LAMPIONAI;15121;CRISTO
A182;6003;10304;VIA;LEONARDO DA VINCI;15121;CRISTO
A182;6003;30306;VIA;LEONE TOLSTOI;15121;CRISTO
A182;6003;2101;VIA;LODOVICO ARIOSTO;15121;CRISTO
A182;6003;24750;VIA;LUCIANO RASCHIO;15121;CRISTO
A182;6003;3300;VIA;LUIGI BILIO;15121;CRISTO
A182;6003;3805;VIA;LUIGI BOBBIO;15121;CRISTO
A182;6003;30654;VIA;LUIGI FERRARI TRECATE;15121;CRISTO
A182;6003;24002;VIA;MARCO POLO;15121;CRISTO
A182;6003;1155;VIA;MARIA BENSI;15121;CRISTO
A182;6003;16601;VIA;MARIO MAGGIOLI;15121;CRISTO
A182;6003;62728;VIA;MARTIRI DELLA DIVISIONE ACQUI;15121;CRISTO
A182;6003;5601;VIA;MICHELANGELO BUONARROTI;15121;CRISTO
A182;6003;26059;VIA;PAOLO SACCO;15121;CRISTO
A182;6003;6150;VIA;PIER LUIGI CAMPI;15121;CRISTO
A182;6003;28105;VIA;RAFFAELLO SANZIO;15121;CRISTO
A182;6003;13376;VIA;ROBERTO GANDOLFI;15121;CRISTO
A182;6003;26703;VIA;SAN GIACOMO;15121;CRISTO
A182;6003;26804;VIA;SAN GIOVANNI EVANGELISTA;15121;CRISTO
A182;6003;12953;VIA;SEBASTIANO GAETA;15121;CRISTO
A182;6003;29106;VIA;SIMONINI;15121;CRISTO
A182;6003;9900;VIA;TERESA CUTTICA;15121;CRISTO
A182;6003;14201;VIA;UMBERTO GIORDANO;15121;CRISTO
A182;6003;24907;VIA;UMBERTO RECALCATI;15121;CRISTO
A182;6003;1908;VIA;VINCENZO ANNIBALDI;15121;CRISTO
A182;6003;7007;VIA;VINCENZO CAPRIOLO;15121;CRISTO
A182;6003;14003;VIA;VINCENZO GIOBERTI;15121;CRISTO
A182;6003;1706;VIA;VITTORIO ALIORA;15121;CRISTO
A182;6003;7502;STRADA;CASALCERMELLI;15121;CRISTO
A182;6003;8503;PIAZZA;LUIGI CERIANA;15121;CRISTO
A182;6003;68837;PIAZZA;VITTORIO BELLOTTI;15121;CRISTO
A182;6003;1201;CORSO;ACQUI;15121;CRISTO
A182;6003;17600;CORSO;CARLO MARX;15121;CRISTO
A182;6003;11000;VIA;ALCIDE DE GASPERI;15121;EUROPA
A182;6003;30407;VIA;ALESSANDRO TONSO;15121;EUROPA
A182;6003;68843;VIA;ANGELO ROSSA;15121;EUROPA
A182;6003;68843;VIA;ANGELO ROSSA;15121;EUROPA
A182;6003;5104;VIA;BRASCHI;15121;EUROPA
A182;6003;2705;VIA;CRISTOFORO BAGGIOLINI;15121;EUROPA
A182;6003;6501;VIA;DON TOMMASO CANESTRI;15121;EUROPA
A182;6003;100001;VIA;FRANCESCA CALVO;15121;EUROPA
A182;6003;100001;VIA;FRANCESCA CALVO;15121;EUROPA
A182;6003;1302;VIA;GIORGIO ALBERINI;15121;EUROPA
A182;6003;29902;VIA;GIOVANNI TESTONE;15121;EUROPA
A182;6003;68839;VIA;GUGLIELMO CAVALLI;15121;EUROPA
A182;6003;13301;VIA;LUIGI GALVANI;15121;EUROPA
A182;6003;4301;VIA;MICHELE BONELLI;15121;EUROPA
A182;6003;18801;VIA;PIETRO MICCA;15121;EUROPA
A182;6003;26905;VIA;SAN GIOVANNI BOSCO;15121;EUROPA
A182;6003;13354;PIAZZA;BRUNO MANTELLI;15121;EUROPA
A182;6003;25502;CORSO;GIUSEPPE ROMITA;15121;EUROPA
A182;6003;29403;CASE SPARSE;EUROPISTA;15121;EUROPA
A182;6003;18902;VIALE;TERESA MICHEL;15121;GALIMBERTI
A182;6003;28903;VIA;ACHILLE SCLAVO;15121;GALIMBERTI
A182;6003;9702;VIA;BENEDETTO CROCE;15121;GALIMBERTI
A182;6003;4905;VIA;BOVES;15121;GALIMBERTI
A182;6003;22505;VIA;BRUNO PASINO;15121;GALIMBERTI
A182;6003;23504;VIA;CARLO PISACANE;15121;GALIMBERTI
A182;6003;29601;VIA;DON GIACOMO STORNINI;15121;GALIMBERTI
A182;6003;14234;VIA;DON GIUSEPPE GIOVINE;15121;GALIMBERTI
A182;6003;13200;VIA;DUCCIO GALIMBERTI;15121;GALIMBERTI
A182;6003;17802;VIA;ENNIO MASSOBRIO;15121;GALIMBERTI
A182;6003;26301;VIA;GAETANO SALVEMINI;15121;GALIMBERTI
A182;6003;20800;VIA;GIULIO MONTEVERDE;15121;GALIMBERTI
A182;6003;11303;VIA;GIUSEPPE DI VITTORIO;15121;GALIMBERTI
A182;6003;23807;VIA;GIUSEPPE POCHETTINI;15121;GALIMBERTI
A182;6003;23155;VIA;ROSA PIACENTINI RIVERA;15121;GALIMBERTI
A182;6003;1254;VIA;SALVO D'ACQUISTO;15121;GALIMBERTI
A182;6003;10900;VIA;UMBERTO DE FORO;15121;GALIMBERTI
A182;6003;62714;VIA;VITTORIO MOCCAGATTA;15121;GALIMBERTI
A182;6003;30553;PIAZZA;CARLO TORRIANI;15121;GALIMBERTI
A182;6003;2824;PIAZZA;NICOLA BASILE;15121;GALIMBERTI
A182;6003;42350;VIA VECCHIA;ALESSANDRIA;15122;LITTA PARODI
A182;6003;41104;VIA;ANGIOLINA DI LITTA PARODI;15122;LITTA PARODI
A182;6003;41205;VIA;BELLOCCHIO;15122;LITTA PARODI
A182;6003;41700;VIA;BRUNO GRAZIANI;15122;LITTA PARODI
A182;6003;41250;VIA;CIRCONVALLAZIONE;15122;LITTA PARODI
A182;6003;41508;VIA;FLAVIO GIOIA IN LITTA PARODI;15122;LITTA PARODI
A182;6003;41306;VIA;FRUGAROLO DI LITTA PARODI;15122;LITTA PARODI
A182;6003;41407;VIA;GENOVA DI LITTA PARODI;15122;LITTA PARODI
A182;6003;41609;VIA;GIROMINI;15122;LITTA PARODI
A182;6003;41902;VIA;LIVIO MARBELLO;15122;LITTA PARODI
A182;6003;41003;VIA;LUIGI ALESSIO;15122;LITTA PARODI
A182;6003;62757;VIA;LUIGI CASSANO;15122;LITTA PARODI
A182;6003;41801;VIA;LUIGI LODI;15122;LITTA PARODI
A182;6003;42002;VIA;LUIGI MARSICANO;15122;LITTA PARODI
A182;6003;42103;VIA;MINISTRA;15122;LITTA PARODI
A182;6003;42204;VIA;PIACENZA DI LITTA PARODI;15122;LITTA PARODI
A182;6003;42406;VIA;ALESSANDRIA SALE;15122;LOBBI
A182;6003;43506;VIA;CARLO SABATINI;15122;LOBBI
A182;6003;43001;VIA;DELLA MANDRINA;15122;LOBBI
A182;6003;43405;VIA;DELLA REPUBBLICA IN LOBBI;15122;LOBBI
A182;6003;43104;VIA;DON ANGELO CAMPORA IN LOBBI;15122;LOBBI
A182;6003;42709;VIA;ENRICO FRANCHINI;15122;LOBBI
A182;6003;42608;VIA;FILIPPONA;15122;LOBBI
A182;6003;43304;VIA;GIOVANNI POGGIO;15122;LOBBI
A182;6003;42901;VIA;GIUSEPPE GUAZZONE;15122;LOBBI
A182;6003;43102;VIA;PAGELLA;15122;LOBBI
A182;6003;43203;VIA;PASSALACQUA;15122;LOBBI
A182;6003;43607;VIA;SALE MANDRINA;15122;LOBBI
A182;6003;42800;PIAZZA;PAOLO FRANZINI TIBALDEO;15122;LOBBI
A182;6003;43708;LOCALITA';CASCINALI STAMPA;15122;LOBBI
A182;6003;44101;VIA;CAI MENACCIA;15122;MANDROGNE
A182;6003;44404;VIA;CENTRO;15122;MANDROGNE
A182;6003;43900;VIA;DEL BOSCO DI MANDROGNE;15122;MANDROGNE
A182;6003;46201;VIA;EDOARDO BOCCHIO;15122;MANDROGNE
A182;6003;44405;VIA;EDOARDO CRIVELLI;15122;MANDROGNE
A182;6003;44808;VIA;GALADE;15122;MANDROGNE
A182;6003;44402;VIA;LUIGI FIRPO;15122;MANDROGNE
A182;6003;45201;VIA;NUOVA;15122;MANDROGNE
A182;6003;45302;VIA;ORSI IN MANDROGNE;15122;MANDROGNE
A182;6003;44000;VIA;TERESIO BOVONE;15122;MANDROGNE
A182;6003;44505;STRADA COMUNALE;MANDROGNE DI MANDROGNE;15122;MANDROGNE
A182;6003;44203;STRADA;BOSCHETTO;15122;MANDROGNE
A182;6003;44202;STRADA;CASCINAGROSSA;15122;MANDROGNE
A182;6003;44303;STRADA;DEI CASCINOTTI;15122;MANDROGNE
A182;6003;44606;STRADA;DEI COSCIA;15122;MANDROGNE
A182;6003;62815;STRADA;DEI TERRAROSSA DI MANDROGNE;15122;MANDROGNE
A182;6003;44909;STRADA;DELLA GELOSA;15122;MANDROGNE
A182;6003;44707;STRADA;FRUGAROLO DI MANDROGNE;15122;MANDROGNE
A182;6003;45001;STRADA;MENACCIA;15122;MANDROGNE
A182;6003;45100;STRADA;NOVI;15122;MANDROGNE
A182;6003;45403;STRADA;RAGGI DI MANDROGNE;15122;MANDROGNE
A182;6003;45504;STRADA;SALE DI MANDROGNE;15122;MANDROGNE
A182;6003;45551;STRADA;TORTONA DI MANDROGNE;15122;MANDROGNE
A182;6003;62732;VIALE;PAOLO BORSELLINO;15121;NORBERTO ROSA
A182;6003;14704;VIA;ACHILLE GRANDI;15121;NORBERTO ROSA
A182;6003;32203;VIA;AMERIGO VESPUCCI;15121;NORBERTO ROSA
A182;6003;24851;VIA;CAMILLA RAVERA;15121;NORBERTO ROSA
A182;6003;21708;VIA;DELLA PALAZZINA;15121;NORBERTO ROSA
A182;6003;27401;VIA;DELLA SANTA;15121;NORBERTO ROSA
A182;6003;29656;VIA;DON LUIGI STURZO;15121;NORBERTO ROSA
A182;6003;5005;VIA;DONATO BRAMANTE;15121;NORBERTO ROSA
A182;6003;62756;VIA;ESULI ISTRIANI FIUMANI E DALMATI;15121;NORBERTO ROSA
A182;6003;22231;VIA;FERRUCCIO PARRI;15121;NORBERTO ROSA
A182;6003;5423;VIA;GIACOMO BRODOLINI;15121;NORBERTO ROSA
A182;6003;13420;VIA;GIOVANNI GIOLITTI;15121;NORBERTO ROSA
A182;6003;68840;VIA;GIUSEPPE SARAGAT;15121;NORBERTO ROSA
A182;6003;2925;VIA;LELIO BASSO;15121;NORBERTO ROSA
A182;6003;11743;VIA;LUIGI EINAUDI;15121;NORBERTO ROSA
A182;6003;16126;VIA;LUIGI LONGO;15121;NORBERTO ROSA
A182;6003;17501;VIA;MARTIRI DELLA BENEDICTA;15121;NORBERTO ROSA
A182;6003;25603;VIA;NORBERTO ROSA;15121;NORBERTO ROSA
A182;6003;62742;VIA;PADRE PIO;15121;NORBERTO ROSA
A182;6003;30214;VIA;PALMIRO TOGLIATTI;15121;NORBERTO ROSA
A182;6003;21021;VIA;PIETRO NENNI;15121;NORBERTO ROSA
A182;6003;16115;VIA;RICCARDO LOMBARDI;15121;NORBERTO ROSA
A182;6003;16236;VIA;STELLIO LOZZA;15121;NORBERTO ROSA
A182;6003;15323;VIA;UGO LA MALFA;15121;NORBERTO ROSA
A182;6003;2806;VIA;UMBERTO BARBERIS;15121;NORBERTO ROSA
A182;6003;29876;VIA;UMBERTO TERRACINI;15121;NORBERTO ROSA
A182;6003;32750;VIA;VITTIME DELLE FOIBE;15121;NORBERTO ROSA
A182;6003;29414;CASE SPARSE;CRISTO;15121;NORBERTO ROSA
A182;6003;19305;VIALE;MILITE IGNOTO;15121;ORTI
A182;6003;33808;VIA;28 MARZO 1921;15121;ORTI
A182;6003;9009;VIA;ANNIBALE CIVALIERI;15121;ORTI
A182;6003;10405;VIA;BONIFACIO DAL POZZO;15121;ORTI
A182;6003;9153;VIA;CRISTOFORO COLOMBO;15121;ORTI
A182;6003;6904;VIA;DEL BARCAIOLO;15121;ORTI
A182;6003;6903;VIA;DELLA CAPPELLETTA;15121;ORTI
A182;6003;8800;VIA;DELLA CHIATTA;15121;ORTI
A182;6003;1056;VIA;ERNESTO CABRUNA;15121;ORTI
A182;6003;16500;VIA;FERNANDO MAGELLANO;15121;ORTI
A182;6003;11606;VIA;GAETANO DONIZETTI;15121;ORTI
A182;6003;25906;VIA;GIOACCHINO ROSSINI;15121;ORTI
A182;6003;14401;VIA;GIRGENTI;15121;ORTI
A182;6003;24301;VIA;GIULIANO PORTA;15121;ORTI
A182;6003;22909;VIA;LORENZO PENNA;15121;ORTI
A182;6003;24705;VIA;MARIO RAPISARDI;15121;ORTI
A182;6003;20828;VIA;PIETRO MORANDO;15121;ORTI
A182;6003;22303;VIA;PIETRO PARVOPASSU;15121;ORTI
A182;6003;28303;VIA;PIETRO SASSI;15121;ORTI
A182;6003;23908;VIA;POLIGONIA;15121;ORTI
A182;6003;25102;VIA;RETTORIA;15121;ORTI
A182;6003;27904;VIA;SANTORRE DI SANTAROSA;15121;ORTI
A182;6003;3003;VIA;VINCENZO BELLINI;15121;ORTI
A182;6003;32506;VIA;VINZAGLIO;15121;ORTI
A182;6003;11404;PIAZZA;DIVINA PROVVIDENZA;15121;ORTI
A182;6003;62801;PIAZZA;FABRIZIO DE ANDRE';15121;ORTI
A182;6003;23100;PIAZZA;LORENZO PEROSI;15121;ORTI
A182;6003;29700;LUNGO;TANARO MAGENTA;15121;ORTI
A182;6003;8107;LARGO;CATANIA;15121;ORTI
A182;6003;29425;CASE SPARSE;ORTI;15121;ORTI
A182;6003;18304;VIALE;MEDAGLIE D'ORO;15121;PISTA
A182;6003;16702;VIA;ALESSANDRO MANZONI;15121;PISTA
A182;6003;10607;VIA;AMBROGIO DAMASIO;15121;PISTA
A182;6003;12807;VIA;ANTONIO FRANZINI;15121;PISTA
A182;6003;21506;VIA;ANTONIO PACINOTTI;15121;PISTA
A182;6003;2301;VIA;ASPROMONTE;15121;PISTA
A182;6003;5401;VIA;BRIGATA RAVENNA;15121;PISTA
A182;6003;5702;VIA;BRUNO BUOZZI;15121;PISTA
A182;6003;16203;VIA;CESARE LOMBROSO;15121;PISTA
A182;6003;21405;VIA;DON LUIGI ORIONE;15121;PISTA
A182;6003;5203;VIA;ETTORE BRAVETTA;15121;PISTA
A182;6003;12302;VIA;FABIO FILZI;15121;PISTA
A182;6003;12403;VIA;FIRENZE;15121;PISTA
A182;6003;18403;VIA;FRANCESCO MENSI;15121;PISTA
A182;6003;13101;VIA;GALILEO GALILEI;15121;PISTA
A182;6003;29502;VIA;GIORGIO STEPHENSON;15121;PISTA
A182;6003;14256;VIA;GIOTTO;15121;PISTA
A182;6003;1807;VIA;GIOVANNI AMENDOLA;15121;PISTA
A182;6003;11202;VIA;GIOVANNI DE NEGRI;15121;PISTA
A182;6003;15602;VIA;GUGLIELMO LANZAVECCHIA;15121;PISTA
A182;6003;33707;VIA;GUGLIELMO ZUCCHI;15121;PISTA
A182;6003;33505;VIA;LAZZARO ZAMENHOF;15121;PISTA
A182;6003;16005;VIA;LIVORNO;15121;PISTA
A182;6003;18700;VIA;MESSINA;15121;PISTA
A182;6003;21001;VIA;NAPOLI;15121;PISTA
A182;6003;21809;VIA;PALERMO;15121;PISTA
A182;6003;1100;VIA;PIETRO ABBA' CORNAGLIA;15121;PISTA
A182;6003;22202;VIA;PIETRO PARNISETTI;15121;PISTA
A182;6003;33202;VIA;RICCARDO WAGNER;15121;PISTA
A182;6003;2002;VIA;ROBERTO ARDIGO';15121;PISTA
A182;6003;25300;VIA;SEBASTIANO RIVOLTA;15121;PISTA
A182;6003;22808;VIA;SILVIO PELLICO;15121;PISTA
A182;6003;30508;VIA;TORINO;15121;PISTA
A182;6003;30801;VIA;TRENTO;15121;PISTA
A182;6003;31002;VIA;TRIESTE;15121;PISTA
A182;6003;12706;VIA;UGO FOSCOLO;15121;PISTA
A182;6003;10102;PIAZZA;GABRIELE D'ANNUNZIO;15121;PISTA
A182;6003;18502;PIAZZA;MENTANA;15121;PISTA
A182;6003;15301;CORSO;QUATTRO NOVEMBRE;15121;PISTA
A182;6003;4602;CORSO;TERESIO BORSALINO;15121;PISTA
A182;6003;33303;CORSO;VENTI SETTEMBRE;15121;PISTA
A182;6003;21505;BORGO;CITTA' NUOVA;15121;PISTA
A182;6003;62802;VICOLO;DON CARLO GNOCCHI;15122;SAN GIULIANO NUOVO
A182;6003;68832;VIA;ALLE CASCINE;15122;SAN GIULIANO NUOVO
A182;6003;45605;VIA;BUSCHETTA;15122;SAN GIULIANO NUOVO
A182;6003;45706;VIA;CA DA PO;15122;SAN GIULIANO NUOVO
A182;6003;45760;VIA;CAMPO NOCI;15122;SAN GIULIANO NUOVO
A182;6003;45562;VIA;CARLO BORRA IN SAN GIULIANO NUOVO;15122;SAN GIULIANO NUOVO
A182;6003;45807;VIA;COLLA DI SAN GIULIANO NUOVO;15122;SAN GIULIANO NUOVO
A182;6003;68833;VIA;DELLE GAGGIE;15122;SAN GIULIANO NUOVO
A182;6003;45908;VIA;DORIA;15122;SAN GIULIANO NUOVO
A182;6003;45953;VIA;DUOMO;15122;SAN GIULIANO NUOVO
A182;6003;46002;VIA;FAINA;15122;SAN GIULIANO NUOVO
A182;6003;46200;VIA;GALLARATE;15122;SAN GIULIANO NUOVO
A182;6003;46402;VIA;GHILINA DI SAN GIULIANO NUOVO;15122;SAN GIULIANO NUOVO
A182;6003;46503;VIA;GRANAROLI;15122;SAN GIULIANO NUOVO
A182;6003;46604;VIA;LOBBI;15122;SAN GIULIANO NUOVO
A182;6003;46806;VIA;NICOLINA;15122;SAN GIULIANO NUOVO
A182;6003;47102;VIA;PAOLO ROSSI IN SAN GIULIANO NUOVO;15122;SAN GIULIANO NUOVO
A182;6003;46907;VIA;PIOVERA;15122;SAN GIULIANO NUOVO
A182;6003;47003;VIA;PREBENDA;15122;SAN GIULIANO NUOVO
A182;6003;47201;VIA;SALE DI SAN GIULIANO NUOVO;15122;SAN GIULIANO NUOVO
A182;6003;45751;STRADA;CASCINOLO;15122;SAN GIULIANO NUOVO
A182;6003;46705;STRADA;LONZI;15122;SAN GIULIANO NUOVO
A182;6003;62743;VIA;ARMANDO FERRETTI;15122;SAN GIULIANO VECCHIO
A182;6003;47652;VIA;BORRA IN SAN GIULIANO VECCHIO;15122;SAN GIULIANO VECCHIO
A182;6003;47704;VIA;CARDINALI;15122;SAN GIULIANO VECCHIO
A182;6003;47906;VIA;CASONI;15122;SAN GIULIANO VECCHIO
A182;6003;47401;VIA;CASTELCERIOLO DI SAN GIULIANO VECCHIO;15122;SAN GIULIANO VECCHIO
A182;6003;48301;VIA;DEI MORI DI SAN GIULIANO VECCHIO;15122;SAN GIULIANO VECCHIO
A182;6003;62785;VIA;DON NICOLA BUSCAGLIA;15122;SAN GIULIANO VECCHIO
A182;6003;62812;VIA;ELIO MORILLE;15122;SAN GIULIANO VECCHIO
A182;6003;48103;VIA;FRANCESCO E GIULIO GRASSANO;15122;SAN GIULIANO VECCHIO
A182;6003;48004;VIA;GHILINA DI SAN GIULIANO VECCHIO;15122;SAN GIULIANO VECCHIO
A182;6003;48202;VIA;MOLINARA DI SAN GIULIANO VECCHIO;15122;SAN GIULIANO VECCHIO
A182;6003;48400;VIA;MOSCHINI;15122;SAN GIULIANO VECCHIO
A182;6003;48501;VIA;NOVI;15122;SAN GIULIANO VECCHIO
A182;6003;48602;VIA;OLIVA;15122;SAN GIULIANO VECCHIO
A182;6003;48703;VIA;PIACENZA DI SAN GIULIANO VECCHIO;15122;SAN GIULIANO VECCHIO
A182;6003;48905;VIA;PORRONA;15122;SAN GIULIANO VECCHIO
A182;6003;49203;VIA;RAMELLA;15122;SAN GIULIANO VECCHIO
A182;6003;49302;VIA;SALE DI SAN GIULIANO VECCHIO;15122;SAN GIULIANO VECCHIO
A182;6003;49401;VIA;VENTOLINA;15122;SAN GIULIANO VECCHIO
A182;6003;49500;VIA;ZERBI;15122;SAN GIULIANO VECCHIO
A182;6003;47805;STRADA;CAREZZANA;15122;SAN GIULIANO VECCHIO
A182;6003;62816;STRADA;DEI TERRAROSSA DI SAN GIULIANO VECCHIO;15122;SAN GIULIANO VECCHIO
A182;6003;47603;STRADA;DEL BOSCO DI SAN GIULIANO VECCHIO;15122;SAN GIULIANO VECCHIO
A182;6003;62814;STRADA;RAGGI DI SAN GIULIANO VECCHIO;15122;SAN GIULIANO VECCHIO
A182;6003;47502;PIAZZA;CESARE BATTISTI IN SAN GIULIANO VECCHIO;15122;SAN GIULIANO VECCHIO
A182;6003;49601;VIA;BALOSTRA;15122;SAN MICHELE
A182;6003;3704;VIA;BIVIO;15122;SAN MICHELE
A182;6003;49803;VIA;CASALE DI SAN MICHELE;15122;SAN MICHELE
A182;6003;50702;VIA;DEL MEZZANO;15122;SAN MICHELE
A182;6003;50106;VIA;DOSSO DEI SALI;15122;SAN MICHELE
A182;6003;50207;VIA;GAIOLA;15122;SAN MICHELE
A182;6003;50308;VIA;GIARDINETTO;15122;SAN MICHELE
A182;6003;51100;VIA;GIORDANO BRUNO IN SAN MICHELE;15122;SAN MICHELE
A182;6003;50409;VIA;ISOLETTA;15122;SAN MICHELE
A182;6003;50500;VIA;LORETO;15122;SAN MICHELE
A182;6003;50601;VIA;MARGIOCCHI;15122;SAN MICHELE
A182;6003;51105;VIA;OSVALDO REMOTTI;15122;SAN MICHELE
A182;6003;50803;VIA;PIANTALETTI;15122;SAN MICHELE
A182;6003;50904;VIA;QUAGLIA;15122;SAN MICHELE
A182;6003;51004;VIA;QUARGNENTO;15122;SAN MICHELE
A182;6003;62803;VIA;ROBERTO DI FERRO;15122;SAN MICHELE
A182;6003;51206;VIA;SELLA;15122;SAN MICHELE
A182;6003;51307;VIA;TORINO DI SAN MICHELE;15122;SAN MICHELE
A182;6003;51408;VIA;TORRE VECCHIA;15122;SAN MICHELE
A182;6003;51509;STRADA VECCHIA;CASTELLO;15122;SAN MICHELE
A182;6003;49702;STRADA;BOGLIANA;15122;SAN MICHELE
A182;6003;50005;STRADA;CORNAGLIE;15122;SAN MICHELE
A182;6003;49904;STRADA;DELLA CERCA DI SAN MICHELE;15122;SAN MICHELE
A182;6003;51600;STRADA;VESCOVANA;15122;SAN MICHELE
A182;6003;62741;VICOLO;CASTEL MARENGO;15122;SPINETTA MARENGO
A182;6003;62758;VICOLO;DEL SUGHERO;15122;SPINETTA MARENGO
A182;6003;55211;VICOLO;DELLA VITTORIA;15122;SPINETTA MARENGO
A182;6003;54001;VICOLO;DELL'ORO;15122;SPINETTA MARENGO
A182;6003;62746;VICOLO;DON PAOLO TOSELLI;15122;SPINETTA MARENGO
A182;6003;54809;VICOLO;STIVARDI;15122;SPINETTA MARENGO
A182;6003;54102;VIA;ACHILLE PERFUMO;15122;SPINETTA MARENGO
A182;6003;53516;VIA;ALDO DIANI;15122;SPINETTA MARENGO
A182;6003;54010;VIA;ALDO TESTERA;15122;SPINETTA MARENGO
A182;6003;51646;VIA;ALDOBRANDO MAGNANI;15122;SPINETTA MARENGO
A182;6003;62753;VIA;ANGELO RAINERI;15122;SPINETTA MARENGO
A182;6003;51903;VIA;ANGIOLINA DI SPINETTA MARENGO;15122;SPINETTA MARENGO
A182;6003;52609;VIA;ANNIBALE CLEMENTE;15122;SPINETTA MARENGO
A182;6003;52003;VIA;ARDIZZONA;15122;SPINETTA MARENGO
A182;6003;52104;VIA;BARBOTTA;15122;SPINETTA MARENGO
A182;6003;52306;VIA;BOTTAZZI IN SPINETTA MARENGO;15122;SPINETTA MARENGO
A182;6003;54212;VIA;BRUNO PRATI;15122;SPINETTA MARENGO
A182;6003;52407;VIA;CARELLA;15122;SPINETTA MARENGO
A182;6003;53251;VIA;CARLO CATTANEO;15122;SPINETTA MARENGO
A182;6003;51655;VIA;DEI CADUTI;15122;SPINETTA MARENGO
A182;6003;52700;VIA;DEL FERRAIO;15122;SPINETTA MARENGO
A182;6003;54304;VIA;DEL PROGRESSO;15122;SPINETTA MARENGO
A182;6003;53507;VIA;DELLA LIBERTA' IN SPINETTA MARENGO;15122;SPINETTA MARENGO
A182;6003;54753;VIA;DEVIAZIONE STRADA STATALE 10;15122;SPINETTA MARENGO
A182;6003;53956;VIA;DORINO RAIMONDI;15122;SPINETTA MARENGO
A182;6003;55000;VIA;ERNESTO TORRE;15122;SPINETTA MARENGO
A182;6003;52902;VIA;GAMBALERA;15122;SPINETTA MARENGO
A182;6003;53103;VIA;GENOVA DI SPINETTA MARENGO;15122;SPINETTA MARENGO
A182;6003;53002;VIA;GIUSEPPE GARIBALDI IN SPINETTA MARENGO;15122;SPINETTA MARENGO
A182;6003;53800;VIA;GIUSEPPE MAZZINI IN SPINETTA MARENGO;15122;SPINETTA MARENGO
A182;6003;53204;VIA;GRILLA DI SPINETTA MARENGO;15122;SPINETTA MARENGO
A182;6003;53305;VIA;LECCA;15122;SPINETTA MARENGO
A182;6003;53406;VIA;LEVATA;15122;SPINETTA MARENGO
A182;6003;68831;VIA;MARESCIALLO FELICE MARITANO;15122;SPINETTA MARENGO
A182;6003;53709;VIA;MARUERA;15122;SPINETTA MARENGO
A182;6003;53901;VIA;MOLINETTO;15122;SPINETTA MARENGO
A182;6003;54203;VIA;PINEROLI;15122;SPINETTA MARENGO
A182;6003;53112;VIA;PROSPERO GOZZO;15122;SPINETTA MARENGO
A182;6003;54405;VIA;QUARTIERUZZI;15122;SPINETTA MARENGO
A182;6003;53608;VIA;RENATO MARTORELLI;15122;SPINETTA MARENGO
A182;6003;54607;VIA;ROMERA;15122;SPINETTA MARENGO
A182;6003;53552;VIA;ROSA LUXEMBURG;15122;SPINETTA MARENGO
A182;6003;51802;VIA;SAN FRANCESCO D'ASSISI IN SPINETTA MARENGO;15122;SPINETTA MARENGO
A182;6003;54708;VIA;SANT'AUDINA;15122;SPINETTA MARENGO
A182;6003;54900;VIA;STORTIGLIONA;15122;SPINETTA MARENGO
A182;6003;55101;VIA;TORTONA DI SPINETTA MARENGO;15122;SPINETTA MARENGO
A182;6003;55303;VIA;VENTICINQUE APRILE;15122;SPINETTA MARENGO
A182;6003;55202;VIA;VESPA;15122;SPINETTA MARENGO
A182;6003;53754;VIA;WALTER GUASTA;15122;SPINETTA MARENGO
A182;6003;52205;STRADA;BOLLA;15122;SPINETTA MARENGO
A182;6003;52508;STRADA;CASTELCERIOLO DI SPINETTA MARENGO;15122;SPINETTA MARENGO
A182;6003;68830;STRADA;DELLA GUASCA;15122;SPINETTA MARENGO
A182;6003;68823;STRADA;DELLA MELIGA;15122;SPINETTA MARENGO
A182;6003;52801;STRADA;FRUGAROLO DI SPINETTA MARENGO;15122;SPINETTA MARENGO
A182;6003;54506;STRADA;RANA DI SPINETTA MARENGO;15122;SPINETTA MARENGO
A182;6003;55404;VIA;ALESSANDRIA;15122;VALLE SAN BARTOLOMEO
A182;6003;57404;VIA;BARTOLOMEO MAINO;15122;VALLE SAN BARTOLOMEO
A182;6003;55451;VIA;BRICCO ROVEDA;15122;VALLE SAN BARTOLOMEO
A182;6003;55505;VIA;CAMPANA;15122;VALLE SAN BARTOLOMEO
A182;6003;57310;VIA;CARLO UGO;15122;VALLE SAN BARTOLOMEO
A182;6003;55909;VIA;DAZIO;15122;VALLE SAN BARTOLOMEO
A182;6003;56807;VIA;DEI MORI DI VALLE SAN BARTOLOMEO;15122;VALLE SAN BARTOLOMEO
A182;6003;57002;VIA;DEI PRETI IN VALLE SAN BARTOLOMEO;15122;VALLE SAN BARTOLOMEO
A182;6003;55707;VIA;DELLA CHIESA DI VALLE SAN BARTOLOMEO;15122;VALLE SAN BARTOLOMEO
A182;6003;55808;VIA;DELLA CURETTA;15122;VALLE SAN BARTOLOMEO
A182;6003;55820;VIA;DELLA VECCHIA FONTANA;15122;VALLE SAN BARTOLOMEO
A182;6003;62759;VIA;DELLE GRADINATE BIAGIO GHO;15122;VALLE SAN BARTOLOMEO
A182;6003;56100;VIA;FALAMERA;15122;VALLE SAN BARTOLOMEO
A182;6003;56504;VIA;MARTINOTTA;15122;VALLE SAN BARTOLOMEO
A182;6003;56605;VIA;MELAZZA;15122;VALLE SAN BARTOLOMEO
A182;6003;56706;VIA;MONTATA DI VALLE SAN BARTOLOMEO;15122;VALLE SAN BARTOLOMEO
A182;6003;56403;VIA;MONTEGRANDE;15122;VALLE SAN BARTOLOMEO
A182;6003;56908;VIA;PISSAROTTO;15122;VALLE SAN BARTOLOMEO
A182;6003;57200;VIA;SANT'ANTONINO;15122;VALLE SAN BARTOLOMEO
A182;6003;57503;VIA;VALMIGLIARO DI VALLE SAN BARTOLOMEO;15122;VALLE SAN BARTOLOMEO
A182;6003;57604;VIA;VARZA;15122;VALLE SAN BARTOLOMEO
A182;6003;57651;VIA;VOLVERA;15122;VALLE SAN BARTOLOMEO
A182;6003;55606;STRADA;CERCA DI VALLE SAN BARTOLOMEO;15122;VALLE SAN BARTOLOMEO
A182;6003;57301;STRADA;DELLA SERRA DI VALLE SAN BARTOLOMEO;15122;VALLE SAN BARTOLOMEO
A182;6003;57101;STRADA;RONCATA;15122;VALLE SAN BARTOLOMEO
A182;6003;57156;SALITA;ERALDO ROSSI IN VALLE SAN BARTOLOMEO;15122;VALLE SAN BARTOLOMEO
A182;6003;57157;SALITA;MARIO PIZZO;15122;VALLE SAN BARTOLOMEO
A182;6003;56001;PIAZZA;GIOVANNI DOSSENA IN VALLE SAN BARTOLOMEO;15122;VALLE SAN BARTOLOMEO
A182;6003;57723;VIA;ALLA COLLINA;15122;VALMADONNA
A182;6003;57705;VIA;BARBORANA;15122;VALMADONNA
A182;6003;57806;VIA;CALDERONE;15122;VALMADONNA
A182;6003;57907;VIA;CASTELLINO;15122;VALMADONNA
A182;6003;58201;VIA;COLLA DI VALMADONNA;15122;VALMADONNA
A182;6003;58502;VIA;COSTANZA;15122;VALMADONNA
A182;6003;59804;VIA;DEI PRETI IN VALMADONNA;15122;VALMADONNA
A182;6003;57952;VIA;DEL FORNO;15122;VALMADONNA
A182;6003;58003;VIA;DELLA CERCA DI VALMADONNA;15122;VALMADONNA
A182;6003;58102;VIA;DELLA CHIESA DI VALMADONNA;15122;VALMADONNA
A182;6003;59103;VIA;DELLA MANZA;15122;VALMADONNA
A182;6003;60804;VIA;DELLA SERRA DI VALMADONNA;15122;VALMADONNA
A182;6003;60309;VIA;DELLE ROBERTE;15122;VALMADONNA
A182;6003;58157;VIA;DELLE SORGENTI;15122;VALMADONNA
A182;6003;58603;VIA;FONTANETTE;15122;VALMADONNA
A182;6003;59004;VIA;LUPI;15122;VALMADONNA
A182;6003;59202;VIA;MARGHERA;15122;VALMADONNA
A182;6003;59400;VIA;OLMETO;15122;VALMADONNA
A182;6003;59501;VIA;PADIGLIONE;15122;VALMADONNA
A182;6003;59602;VIA;PILIPARI;15122;VALMADONNA
A182;6003;59703;VIA;PORCELLANA;15122;VALMADONNA
A182;6003;59905;VIA;PROFUMATI;15122;VALMADONNA
A182;6003;60208;VIA;QUATTREMOLA;15122;VALMADONNA
A182;6003;60007;VIA;REMIGIO;15122;VALMADONNA
A182;6003;60400;VIA;RONCHETTO;15122;VALMADONNA
A182;6003;60501;VIA;RONCO;15122;VALMADONNA
A182;6003;60602;VIA;SABBIONE;15122;VALMADONNA
A182;6003;60703;VIA;SAN VITO;15122;VALMADONNA
A182;6003;60905;VIA;VALLE QUARTA;15122;VALMADONNA
A182;6003;61005;VIA;VALLONE;15122;VALMADONNA
A182;6003;61106;VIA;VALMIGLIARO DI VALMADONNA;15122;VALMADONNA
A182;6003;61207;VIA;VARVARA;15122;VALMADONNA
A182;6003;61261;VIA;VECCHIO MULINO;15122;VALMADONNA
A182;6003;61308;VIA;VENTICELLA;15122;VALMADONNA
A182;6003;60107;STRADA PROVINCIALE;494 PER PAVIA DI VALMADONNA;15122;VALMADONNA
A182;6003;57750;STRADA;BELVEDERE;15122;VALMADONNA
A182;6003;58300;STRADA;COMUNALE DI VALMADONNA;15122;VALMADONNA
A182;6003;58401;STRADA;COSTA SAN GIORGIO;15122;VALMADONNA
A182;6003;58704;STRADA;DEL FONTANONE;15122;VALMADONNA
A182;6003;58951;STRADA;FORNARA;15122;VALMADONNA
A182;6003;58906;STRADA;GABRIELLA;15122;VALMADONNA
A182;6003;61409;VIA;CANTALUPO;15122;VILLA DEL FORO
A182;6003;61500;VIA;CARENTINO;15122;VILLA DEL FORO
A182;6003;61601;VIA;GOGLINI;15122;VILLA DEL FORO
A182;6003;61702;VIA;MAESTRA;15122;VILLA DEL FORO
A182;6003;61904;VIA;OVIGLIO DI VILLA DEL FORO;15122;VILLA DEL FORO
A182;6003;62105;STRADA;DELLA ROSTA DI VILLA DEL FORO;15122;VILLA DEL FORO
A182;6003;62004;STRADA;ROCCA;15122;VILLA DEL FORO